book_id,token_count,tfidf_nonzero,unique_terms,sparsity_percent
28,7433,1748,1748,2.367
38,102033,2500,2500,3.385
65,91,22,22,0.030
68,28861,2500,2500,3.385
70,46489,2500,2500,3.385
92,34767,2500,2500,3.385
96,29376,2500,2500,3.385
118,35659,2500,2500,3.385
148,31428,2500,2500,3.385
166,29473,2500,2500,3.385
172,33120,2500,2500,3.385
200,716628,2500,2500,3.385
271,28480,2500,2500,3.385
283,47408,2500,2500,3.385
292,44139,2500,2500,3.385
295,21706,2500,2500,3.385
315,13420,2500,2500,3.385
322,48360,2500,2500,3.385
337,27921,2500,2500,3.385
356,19128,2500,2500,3.385
362,37466,2500,2500,3.385
389,10794,2230,2230,3.020
401,27246,2500,2500,3.385
446,47232,2500,2500,3.385
454,37476,2500,2500,3.385
473,26263,2500,2500,3.385
474,28940,2500,2500,3.385
502,58074,2500,2500,3.385
507,109050,2500,2500,3.385
518,19320,2500,2500,3.385
528,23092,2470,2470,3.345
555,25445,2500,2500,3.385
601,67872,2500,2500,3.385
624,36997,2500,2500,3.385
641,48785,2500,2500,3.385
705,13369,2500,2500,3.385
716,30734,2500,2500,3.385
809,7025,1676,1676,2.270
853,7765,1591,1591,2.155
872,47257,2500,2500,3.385
898,12247,2357,2357,3.192
934,10090,2500,2500,3.385
953,23469,2500,2500,3.385
966,18549,2500,2500,3.385
1066,29254,2500,2500,3.385
1083,51582,2500,2500,3.385
1111,12932,2500,2500,3.385
1119,16111,2500,2500,3.385
1122,15855,2500,2500,3.385
1127,14635,2500,2500,3.385
1129,10092,2309,2309,3.127
1134,13658,2500,2500,3.385
1272,42186,2500,2500,3.385
1305,11180,2500,2500,3.385
1365,180090,2500,2500,3.385
1395,16153,2500,2500,3.385
1443,29144,2500,2500,3.385
1448,44831,2500,2500,3.385
1453,36254,2500,2500,3.385
1488,14193,1800,1800,2.438
1491,18356,2500,2500,3.385
1570,18992,2148,2148,2.909
1577,33585,2500,2500,3.385
1588,23943,2500,2500,3.385
1611,37175,2500,2500,3.385
1625,14416,2105,2105,2.851
1640,45755,2500,2500,3.385
1649,23106,2500,2500,3.385
1713,64243,2500,2500,3.385
1736,8019,1400,1400,1.896
1739,22639,2500,2500,3.385
1740,41858,2500,2500,3.385
1745,85880,2500,2500,3.385
1756,8148,1576,1576,2.134
1799,16189,2500,2500,3.385
1809,39761,2500,2500,3.385
1826,6904,2188,2188,2.963
1845,39548,2500,2500,3.385
1885,37204,2500,2500,3.385
1887,36948,2500,2500,3.385
1898,21335,2500,2500,3.385
1905,24230,2500,2500,3.385
1911,8340,1496,1496,2.026
1946,139538,2500,2500,3.385
1953,12343,2189,2189,2.964
1960,16585,2500,2500,3.385
1969,34516,2500,2500,3.385
1976,60423,2500,2500,3.385
1999,31224,2500,2500,3.385
2011,32058,2500,2500,3.385
2037,34361,2500,2500,3.385
2044,94355,2500,2500,3.385
2057,39779,2500,2500,3.385
2079,33920,2500,2500,3.385
2101,10041,2500,2500,3.385
2103,29958,2500,2500,3.385
2115,41762,2500,2500,3.385
2125,79627,2500,2500,3.385
2145,100348,2500,2500,3.385
2158,126528,2500,2500,3.385
2199,75734,2500,2500,3.385
2237,12922,2364,2364,3.201
2242,9700,2261,2261,3.062
2272,16738,2308,2308,3.125
2285,31086,2500,2500,3.385
2323,66953,2500,2500,3.385
2327,18945,2500,2500,3.385
2329,26876,2500,2500,3.385
2332,147182,2500,2500,3.385
2352,8786,1836,1836,2.486
2358,23915,2500,2500,3.385
2375,13864,2500,2500,3.385
2390,40490,2500,2500,3.385
2429,21281,2500,2500,3.385
2444,16578,2500,2500,3.385
2478,24860,2500,2500,3.385
2484,70166,2500,2500,3.385
2500,19443,2201,2201,2.981
2507,31058,2500,2500,3.385
2515,44079,2500,2500,3.385
2552,56116,2500,2500,3.385
2560,33050,2500,2500,3.385
2595,21069,2500,2500,3.385
2634,11077,2500,2500,3.385
2645,9164,2500,2500,3.385
2672,44764,2500,2500,3.385
2688,28132,2500,2500,3.385
2696,71746,2500,2500,3.385
2718,7960,1873,1873,2.536
2727,24800,2500,2500,3.385
2760,311451,2500,2500,3.385
2795,42658,2500,2500,3.385
2808,14007,2500,2500,3.385
2909,8612,1376,1376,1.863
2933,5834,1324,1324,1.793
2986,40447,2500,2500,3.385
3042,26118,2500,2500,3.385
3124,14229,2500,2500,3.385
3125,105283,2500,2500,3.385
3152,66067,2500,2500,3.385
3162,13748,2500,2500,3.385
3200,1419812,2500,2500,3.385
3228,11224,2385,2385,3.230
3238,9734,2207,2207,2.989
3242,50945,2500,2500,3.385
3284,104530,2500,2500,3.385
3345,21686,2500,2500,3.385
3353,21955,2500,2500,3.385
3354,16000,2500,2500,3.385
3452,10660,2500,2500,3.385
3457,66642,2500,2500,3.385
3460,68243,2500,2500,3.385
3462,40068,2500,2500,3.385
3482,25764,2500,2500,3.385
3559,15839,2500,2500,3.385
3589,10103,2500,2500,3.385
3593,14011,2500,2500,3.385
3605,33752,2500,2500,3.385
3619,30232,2500,2500,3.385
3620,74827,2500,2500,3.385
3642,12155,1888,1888,2.557
3647,23106,2500,2500,3.385
3673,16563,2500,2500,3.385
3677,23729,2500,2500,3.385
3694,26404,2500,2500,3.385
3734,22246,2497,2497,3.381
3767,5731,1283,1283,1.737
3768,8229,1491,1491,2.019
3780,85192,2500,2500,3.385
3805,45987,2500,2500,3.385
3825,17500,2500,2500,3.385
3834,14173,2500,2500,3.385
3896,8513,2222,2222,3.009
3897,10882,2500,2500,3.385
3902,7997,2052,2052,2.779
3906,9425,2127,2127,2.880
3907,14823,2500,2500,3.385
3912,13428,2399,2399,3.249
3934,19694,2500,2500,3.385
3951,10543,2500,2500,3.385
3961,8741,2473,2473,3.349
3969,14070,2500,2500,3.385
3980,44165,2500,2500,3.385
4051,57011,2500,2500,3.385
4120,7937,1417,1417,1.919
4132,5464,1150,1150,1.557
4157,6282,1203,1203,1.629
4162,57681,2500,2500,3.385
4164,8344,1379,1379,1.867
4186,7816,1413,1413,1.913
4193,5789,1043,1043,1.412
4252,17462,2500,2500,3.385
4254,27790,2500,2500,3.385
4272,28297,2500,2500,3.385
4294,17395,2500,2500,3.385
4307,66180,2500,2500,3.385
4318,8765,1153,1153,1.561
4323,9241,2500,2500,3.385
4336,6606,984,984,1.333
4412,86067,2500,2500,3.385
4432,10811,2500,2500,3.385
4433,13198,2500,2500,3.385
4445,14444,2500,2500,3.385
4446,13105,2500,2500,3.385
4457,13070,2500,2500,3.385
4460,95096,2500,2500,3.385
4476,81391,2500,2500,3.385
4483,16121,2500,2500,3.385
4551,47479,2500,2500,3.385
4670,10656,1103,1103,1.494
4678,26772,2500,2500,3.385
4686,88347,2500,2500,3.385
4694,42110,2500,2500,3.385
4745,36481,2500,2500,3.385
4761,34189,2500,2500,3.385
4790,44266,2500,2500,3.385
4803,5843,2176,2176,2.947
4811,97390,2500,2500,3.385
4812,7483,2091,2091,2.832
4844,11876,2500,2500,3.385
4896,15159,2500,2500,3.385
4898,66474,2500,2500,3.385
4901,5455,1496,1496,2.026
4916,19048,2500,2500,3.385
4958,65085,2500,2500,3.385
4966,105064,2500,2500,3.385
4978,13263,2215,2215,3.000
4987,21358,2500,2500,3.385
4991,25269,2500,2500,3.385
4996,36253,2500,2500,3.385
5005,77377,2500,2500,3.385
5013,10538,1952,1952,2.643
5018,16377,2341,2341,3.170
5040,30139,2500,2500,3.385
5050,823033,2500,2500,3.385
5071,13080,2128,2128,2.882
5074,22666,2500,2500,3.385
5076,45273,2500,2500,3.385
5129,61949,2500,2500,3.385
5207,46405,2500,2500,3.385
5262,20093,1603,1603,2.171
5311,18598,2500,2500,3.385
5354,45671,2500,2500,3.385
5362,11492,2500,2500,3.385
5369,13620,2500,2500,3.385
5393,13314,2500,2500,3.385
5409,6119,1759,1759,2.382
5414,8668,2058,2058,2.787
5422,44143,2500,2500,3.385
5457,10332,2374,2374,3.215
5462,9148,2411,2411,3.265
5467,10991,2500,2500,3.385
5501,7855,2112,2112,2.860
5515,9661,2328,2328,3.153
5517,8967,2330,2330,3.155
5520,8062,1999,1999,2.707
5543,8722,2185,2185,2.959
5555,8817,1942,1942,2.630
5556,9620,2067,2067,2.799
5573,11028,2500,2500,3.385
5579,10123,2424,2424,3.283
5588,10784,2242,2242,3.036
5621,22429,2500,2500,3.385
5682,13922,1484,1484,2.010
5696,21465,2047,2047,2.772
5697,42212,2500,2500,3.385
5704,19615,2500,2500,3.385
5707,19399,2481,2481,3.360
5716,59022,2500,2500,3.385
5727,6797,1058,1058,1.433
5729,32703,2500,2500,3.385
5736,17535,2500,2500,3.385
5754,77647,2500,2500,3.385
5759,7481,1774,1774,2.402
5761,44217,2500,2500,3.385
5777,57290,2500,2500,3.385
5784,10093,2500,2500,3.385
5863,22089,2302,2302,3.117
5893,27990,2500,2500,3.385
5898,55072,2500,2500,3.385
5900,14557,1124,1124,1.522
5909,10319,2067,2067,2.799
5987,37540,2500,2500,3.385
5992,33498,2500,2500,3.385
6019,139442,2500,2500,3.385
6036,10277,2500,2500,3.385
6061,8152,2500,2500,3.385
6119,36297,2500,2500,3.385
6139,24127,2500,2500,3.385
6142,29730,2500,2500,3.385
6186,11971,2118,2118,2.868
6217,19882,2500,2500,3.385
6330,36815,2500,2500,3.385
6388,11953,2500,2500,3.385
6434,65253,2500,2500,3.385
6493,21262,2500,2500,3.385
6589,227773,2500,2500,3.385
6592,49746,2500,2500,3.385
6608,5140,1722,1722,2.332
6629,68693,2500,2500,3.385
6636,19382,2500,2500,3.385
6680,6791,1848,1848,2.503
6693,7439,1244,1244,1.685
6711,28190,2500,2500,3.385
6731,8838,1672,1672,2.264
6746,45900,2500,2500,3.385
6753,27152,2500,2500,3.385
6755,11375,2250,2250,3.047
6779,27282,2500,2500,3.385
6826,28710,2500,2500,3.385
6855,31706,2500,2500,3.385
6882,7637,2257,2257,3.056
6894,12643,2500,2500,3.385
6897,44321,2500,2500,3.385
6906,34249,2500,2500,3.385
6944,121360,2500,2500,3.385
6969,21175,2107,2107,2.853
7008,56196,2500,2500,3.385
7017,12884,1949,1949,2.639
7039,30197,2500,2500,3.385
7075,34458,2500,2500,3.385
7097,32538,2500,2500,3.385
7167,10471,2500,2500,3.385
7223,18632,1498,1498,2.029
7238,47652,2500,2500,3.385
7241,53494,2500,2500,3.385
7244,5717,1762,1762,2.386
7258,42713,2500,2500,3.385
7294,41936,2500,2500,3.385
7335,46748,2500,2500,3.385
7345,47677,2500,2500,3.385
7392,10031,2500,2500,3.385
7422,47049,2500,2500,3.385
7435,98265,2500,2500,3.385
7440,203420,2500,2500,3.385
7490,18322,2500,2500,3.385
7601,5293,1550,1550,2.099
7610,11015,2500,2500,3.385
7628,8411,2454,2454,3.323
7630,87815,2500,2500,3.385
7654,5704,1736,1736,2.351
7674,7561,2207,2207,2.989
7693,11360,2500,2500,3.385
7723,18411,2500,2500,3.385
7727,139359,2500,2500,3.385
7786,16924,1883,1883,2.550
7796,21327,2500,2500,3.385
7857,14927,2286,2286,3.096
7881,86899,2500,2500,3.385
7890,63017,2500,2500,3.385
7894,65403,2500,2500,3.385
7898,5541,1035,1035,1.402
7975,46598,2500,2500,3.385
7998,8015,2334,2334,3.161
8000,83810,2500,2500,3.385
8014,12744,1268,1268,1.717
8026,19089,1483,1483,2.008
8068,127695,2500,2500,3.385
8076,149103,2500,2500,3.385
8077,23442,2500,2500,3.385
8081,6991,1682,1682,2.278
8113,22021,2500,2500,3.385
8190,14810,2500,2500,3.385
8195,23608,2500,2500,3.385
8206,44960,2500,2500,3.385
8215,13670,2500,2500,3.385
8219,31228,2500,2500,3.385
8222,33190,2500,2500,3.385
8268,6680,1071,1071,1.450
8310,10870,1391,1391,1.884
8346,8624,1606,1606,2.175
8347,12857,1764,1764,2.389
8373,6914,1051,1051,1.423
8383,11479,2422,2422,3.280
8391,22875,2500,2500,3.385
8402,7401,2500,2500,3.385
8405,8789,2380,2380,3.223
8408,21331,2500,2500,3.385
8425,81186,2500,2500,3.385
8442,35081,2500,2500,3.385
8467,31999,2500,2500,3.385
8472,6243,1549,1549,2.098
8476,7143,2114,2114,2.863
8482,12352,2500,2500,3.385
8484,19084,2500,2500,3.385
8499,21061,2500,2500,3.385
8502,48500,2500,2500,3.385
8508,25051,2500,2500,3.385
8529,29605,2500,2500,3.385
8550,35682,2500,2500,3.385
8590,23008,2500,2500,3.385
8674,86492,2500,2500,3.385
8732,49734,2500,2500,3.385
8800,60625,2500,2500,3.385
8832,12129,1918,1918,2.597
8880,88080,2500,2500,3.385
8881,7234,2359,2359,3.195
8997,27978,2500,2500,3.385
9054,33108,2500,2500,3.385
9071,20281,2500,2500,3.385
9088,58035,2500,2500,3.385
9098,56333,2500,2500,3.385
9100,87996,2500,2500,3.385
9170,343603,2500,2500,3.385
9173,67390,2500,2500,3.385
9195,40782,2500,2500,3.385
9304,19045,2500,2500,3.385
9306,49454,2500,2500,3.385
9312,13653,1935,1935,2.620
9362,82555,2500,2500,3.385
9365,118802,2500,2500,3.385
9379,44974,2500,2500,3.385
9401,36870,2500,2500,3.385
9441,34299,2500,2500,3.385
9470,26993,2500,2500,3.385
9493,43611,2500,2500,3.385
9504,89234,2500,2500,3.385
9565,8263,2469,2469,3.343
9582,7755,2232,2232,3.023
9604,137055,2500,2500,3.385
9607,58998,2500,2500,3.385
9610,9739,2500,2500,3.385
9611,30835,2500,2500,3.385
9615,33143,2500,2500,3.385
9626,5883,1186,1186,1.606
9634,46077,2500,2500,3.385
9700,94316,2500,2500,3.385
9752,21748,2500,2500,3.385
9760,9348,2468,2468,3.342
9795,46058,2500,2500,3.385
9837,49137,2500,2500,3.385
9838,19188,2500,2500,3.385
9844,9012,1219,1219,1.651
9853,38709,2500,2500,3.385
9858,63968,2500,2500,3.385
9872,35305,2500,2500,3.385
9900,60190,2500,2500,3.385
9907,18324,2500,2500,3.385
9910,24501,2500,2500,3.385
9917,26327,2500,2500,3.385
9931,47201,2500,2500,3.385
9974,36036,2500,2500,3.385
9982,38503,2500,2500,3.385
10048,22724,2500,2500,3.385
10081,27054,2414,2414,3.269
10089,9268,2115,2115,2.864
10090,39220,2500,2500,3.385
10093,23098,2500,2500,3.385
10291,18110,2500,2500,3.385
10323,28727,2500,2500,3.385
10364,48090,2500,2500,3.385
10376,17560,2500,2500,3.385
10420,20874,2500,2500,3.385
10439,9248,2474,2474,3.350
10455,52337,2500,2500,3.385
10459,19090,2500,2500,3.385
10495,7632,1667,1667,2.257
10511,55513,2500,2500,3.385
10542,28136,2500,2500,3.385
10543,30551,2500,2500,3.385
10901,7682,1643,1643,2.225
10929,46310,2500,2500,3.385
10960,23160,2500,2500,3.385
11014,25871,2500,2500,3.385
11017,63408,2500,2500,3.385
11018,80316,2500,2500,3.385
11031,29930,2500,2500,3.385
11043,25577,2500,2500,3.385
11061,43596,2500,2500,3.385
11084,14151,2124,2124,2.876
11087,43499,2500,2500,3.385
11234,6308,2450,2450,3.318
11324,22457,2500,2500,3.385
11372,36638,2500,2500,3.385
11424,50913,2500,2500,3.385
11440,13402,2443,2443,3.308
11507,11454,2500,2500,3.385
11513,29818,2500,2500,3.385
11560,5589,1685,1685,2.282
11584,45346,2500,2500,3.385
11647,22861,2500,2500,3.385
11691,42261,2500,2500,3.385
11693,25393,2500,2500,3.385
11698,36609,2500,2500,3.385
11723,33419,2500,2500,3.385
11817,45695,2500,2500,3.385
11834,51053,2500,2500,3.385
11843,56933,2500,2500,3.385
11890,20647,2471,2471,3.346
11984,36975,2500,2500,3.385
12060,80131,2500,2500,3.385
12191,55127,2500,2500,3.385
12330,25303,2500,2500,3.385
12371,56519,2500,2500,3.385
12419,71665,2500,2500,3.385
12492,12334,1768,1768,2.394
12494,11005,2500,2500,3.385
12498,6600,2442,2442,3.307
12542,44800,2500,2500,3.385
12633,15658,2360,2360,3.196
12648,11609,2348,2348,3.180
12700,52533,2500,2500,3.385
12772,18480,2500,2500,3.385
12778,24892,2500,2500,3.385
12818,36138,2500,2500,3.385
12828,13610,2500,2500,3.385
12915,15086,2500,2500,3.385
12954,66964,2500,2500,3.385
12994,38572,2500,2500,3.385
13014,4508,1073,1073,1.453
13068,22542,2500,2500,3.385
13127,88779,2500,2500,3.385
13135,23811,2500,2500,3.385
13158,26287,2500,2500,3.385
13202,44148,2500,2500,3.385
13319,19102,2500,2500,3.385
13601,114863,2500,2500,3.385
13815,36771,2500,2500,3.385
13970,67901,2500,2500,3.385
14102,9216,2428,2428,3.288
14153,81831,2500,2500,3.385
14255,17490,2500,2500,3.385
14356,30543,2500,2500,3.385
14378,75812,2500,2500,3.385
14417,11831,2500,2500,3.385
14429,11766,2236,2236,3.028
14506,27729,2500,2500,3.385
14596,58696,2500,2500,3.385
14617,12821,2500,2500,3.385
14679,22930,2500,2500,3.385
14698,51222,2500,2500,3.385
14874,45091,2500,2500,3.385
14885,58785,2500,2500,3.385
14908,12354,2500,2500,3.385
14968,47809,2500,2500,3.385
14990,19543,2500,2500,3.385
15050,21951,2500,2500,3.385
15069,9650,1927,1927,2.610
15100,39090,2500,2500,3.385
15131,30578,2500,2500,3.385
15141,33608,2500,2500,3.385
15218,35917,2500,2500,3.385
15294,73713,2500,2500,3.385
15322,14647,2500,2500,3.385
15354,7523,2468,2468,3.342
15355,15435,2500,2500,3.385
15383,22005,2500,2500,3.385
15394,39431,2500,2500,3.385
15398,25336,2500,2500,3.385
15469,12269,2267,2267,3.070
15487,24077,2500,2500,3.385
15512,5776,2317,2317,3.138
15526,21529,2500,2500,3.385
15546,21884,2500,2500,3.385
15587,79534,2500,2500,3.385
15602,49756,2500,2500,3.385
15610,8010,2321,2321,3.143
15651,52938,2500,2500,3.385
15659,11947,2500,2500,3.385
15701,66924,2500,2500,3.385
15705,9105,2432,2432,3.293
15782,10150,2211,2211,2.994
15831,33235,2500,2500,3.385
15855,15080,2448,2448,3.315
15869,54194,2500,2500,3.385
15876,37425,2500,2500,3.385
15896,14368,2500,2500,3.385
15953,41891,2500,2500,3.385
15979,28332,2500,2500,3.385
15984,33445,2500,2500,3.385
16035,9872,2500,2500,3.385
16101,47738,2500,2500,3.385
16108,7839,1934,1934,2.619
16124,45019,2500,2500,3.385
16137,56870,2500,2500,3.385
16143,29437,2500,2500,3.385
16144,8062,1779,1779,2.409
16160,38992,2500,2500,3.385
16166,51264,2500,2500,3.385
16168,33249,2500,2500,3.385
16170,74251,2500,2500,3.385
16178,14335,2304,2304,3.120
16248,51129,2500,2500,3.385
16254,15898,2478,2478,3.356
16259,16234,2266,2266,3.069
16273,17047,2500,2500,3.385
16288,72020,2500,2500,3.385
16291,5009,1536,1536,2.080
16296,31313,2500,2500,3.385
16298,46328,2500,2500,3.385
16316,42096,2500,2500,3.385
16322,45196,2500,2500,3.385
16339,27557,2500,2500,3.385
16352,80467,2500,2500,3.385
16355,28014,2500,2500,3.385
16457,52593,2500,2500,3.385
16474,39544,2500,2500,3.385
16495,4767,1006,1006,1.362
16553,42437,2500,2500,3.385
16574,19040,2500,2500,3.385
16587,44405,2500,2500,3.385
16593,50890,2500,2500,3.385
16619,7067,2500,2500,3.385
16628,7511,2500,2500,3.385
16658,19680,2500,2500,3.385
16663,7491,1144,1144,1.549
16666,53091,2500,2500,3.385
16690,19449,2500,2500,3.385
16704,33091,2500,2500,3.385
16742,27683,2500,2500,3.385
16771,28616,2500,2500,3.385
16783,100608,2500,2500,3.385
16809,28402,2500,2500,3.385
16873,12300,1338,1338,1.812
16915,76407,2500,2500,3.385
16917,29276,2500,2500,3.385
16990,26325,2500,2500,3.385
16999,32175,2500,2500,3.385
17020,8707,2405,2405,3.257
17030,6242,1934,1934,2.619
17032,57509,2500,2500,3.385
17074,30496,2500,2500,3.385
17103,33943,2500,2500,3.385
17220,8078,2031,2031,2.750
17239,9678,2249,2249,3.046
17348,10832,2500,2500,3.385
17376,49510,2500,2500,3.385
17427,44768,2500,2500,3.385
17446,30898,2500,2500,3.385
17451,67594,2500,2500,3.385
17466,23177,2500,2500,3.385
17475,8310,1495,1495,2.025
17476,14206,2500,2500,3.385
17496,26411,2500,2500,3.385
17502,8796,1607,1607,2.176
17511,15912,2500,2500,3.385
17513,26457,2500,2500,3.385
17569,27834,2500,2500,3.385
17584,20000,2500,2500,3.385
17712,36398,2406,2406,3.258
17721,20318,2500,2500,3.385
17730,9996,1445,1445,1.957
17755,22122,2500,2500,3.385
17807,19684,1428,1428,1.934
17854,20235,2500,2500,3.385
17964,16036,2500,2500,3.385
17979,6075,1352,1352,1.831
18001,9141,2217,2217,3.002
18039,9428,1413,1413,1.913
18118,37440,2500,2500,3.385
18122,26472,2500,2500,3.385
18153,30515,2500,2500,3.385
18176,24293,2500,2500,3.385
18234,10350,2244,2244,3.039
18250,59973,2500,2500,3.385
18281,32964,2500,2500,3.385
18286,58728,2500,2500,3.385
18314,67437,2500,2500,3.385
18374,21324,2500,2500,3.385
18387,76890,2500,2500,3.385
18396,43063,2500,2500,3.385
18418,81611,2500,2500,3.385
18424,10741,2364,2364,3.201
18434,9646,1970,1970,2.668
18461,23591,2500,2500,3.385
18467,211352,2500,2500,3.385
18498,58746,2500,2500,3.385
18508,68888,2500,2500,3.385
18567,12979,639,639,0.865
18592,67226,2500,2500,3.385
18598,20593,2500,2500,3.385
18657,15019,2500,2500,3.385
18675,85168,2500,2500,3.385
18686,88049,2500,2500,3.385
18714,45672,2500,2500,3.385
18754,6820,676,676,0.915
18794,76183,2500,2500,3.385
18810,108654,2500,2500,3.385
18822,40874,2500,2500,3.385
18833,62281,2500,2500,3.385
18848,37629,2500,2500,3.385
18883,53085,2500,2500,3.385
18896,41664,2500,2500,3.385
18975,55543,2500,2500,3.385
18992,27062,2500,2500,3.385
18993,133303,2500,2500,3.385
19028,44010,2500,2500,3.385
19070,60296,2500,2500,3.385
19113,61644,2500,2500,3.385
19118,40389,2500,2500,3.385
19158,6199,1639,1639,2.220
19165,5639,1619,1619,2.192
19207,23077,2500,2500,3.385
19212,107735,2500,2500,3.385
19225,45627,2500,2500,3.385
19340,28940,2500,2500,3.385
19350,6762,2363,2363,3.200
19397,98039,2500,2500,3.385
19405,15105,2500,2500,3.385
19414,5141,822,822,1.113
19418,26936,2500,2500,3.385
19438,72892,2500,2500,3.385
19443,17503,2500,2500,3.385
19522,21828,2500,2500,3.385
19528,60420,2500,2500,3.385
19551,10807,1074,1074,1.454
19565,25581,1494,1494,2.023
19566,87272,2500,2500,3.385
19584,45780,2500,2500,3.385
19595,27784,2500,2500,3.385
19708,45727,2500,2500,3.385
19731,26405,2500,2500,3.385
19737,22696,2500,2500,3.385
19748,51796,2500,2500,3.385
19753,39551,2500,2500,3.385
19776,21398,2500,2500,3.385
19825,19209,2500,2500,3.385
19846,180336,2500,2500,3.385
19936,7107,1515,1515,2.052
19976,17064,2248,2248,3.044
19986,7220,1649,1649,2.233
20008,56153,2500,2500,3.385
20044,35629,2500,2500,3.385
20065,158375,2500,2500,3.385
20091,52430,2500,2500,3.385
20106,16429,2500,2500,3.385
20117,125171,2500,2500,3.385
20289,18277,2145,2145,2.905
20298,36957,2500,2500,3.385
20307,8650,1198,1198,1.622
20342,29368,2500,2500,3.385
20354,10985,2355,2355,3.189
20444,31916,2500,2500,3.385
20447,100154,2500,2500,3.385
20462,77079,2500,2500,3.385
20493,21424,2500,2500,3.385
20494,50653,2500,2500,3.385
20515,41527,2500,2500,3.385
20528,18685,2500,2500,3.385
20561,32049,2500,2500,3.385
20590,11164,1615,1615,2.187
20620,32533,2500,2500,3.385
20630,40745,2500,2500,3.385
20709,89486,2500,2500,3.385
20732,42020,2500,2500,3.385
20733,17634,2500,2500,3.385
20753,28867,2500,2500,3.385
20791,45311,2500,2500,3.385
20807,8872,2309,2309,3.127
20821,35640,2500,2500,3.385
20844,5542,2026,2026,2.744
20848,63108,2500,2500,3.385
20899,43846,2500,2500,3.385
20912,34422,2500,2500,3.385
20985,35839,2500,2500,3.385
21005,40130,2500,2500,3.385
21010,11223,2500,2500,3.385
21015,8515,1022,1022,1.384
21047,5378,1515,1515,2.052
21071,61177,2500,2500,3.385
21086,19739,2500,2500,3.385
21112,46199,2500,2500,3.385
21126,11292,2500,2500,3.385
21132,55884,2500,2500,3.385
21136,52272,2500,2500,3.385
21226,49996,2500,2500,3.385
21258,29699,2500,2500,3.385
21297,46966,2500,2500,3.385
21307,62038,2500,2500,3.385
21335,28599,2500,2500,3.385
21363,60844,2500,2500,3.385
21382,6456,1435,1435,1.943
21404,59978,2500,2500,3.385
21450,36665,2500,2500,3.385
21459,40997,2500,2500,3.385
21465,99115,2500,2500,3.385
21469,18197,2329,2329,3.154
21491,13630,2070,2070,2.803
21498,104881,2500,2500,3.385
21503,7879,2500,2500,3.385
21546,12430,1051,1051,1.423
21555,51057,2500,2500,3.385
21559,10526,1893,1893,2.563
21560,63940,2500,2500,3.385
21597,15517,2500,2500,3.385
21607,42211,2500,2500,3.385
21625,26701,2500,2500,3.385
21635,29632,2500,2500,3.385
21644,40927,2500,2500,3.385
21682,111428,2500,2500,3.385
21686,59458,2500,2500,3.385
21713,46420,2500,2500,3.385
21719,47755,2500,2500,3.385
21724,33198,2500,2500,3.385
21728,45981,2500,2500,3.385
21747,46879,2500,2500,3.385
21751,31003,2500,2500,3.385
21757,43422,2500,2500,3.385
21781,30636,2500,2500,3.385
21806,19929,2500,2500,3.385
21883,29994,2500,2500,3.385
21929,35650,2500,2500,3.385
21931,26366,2500,2500,3.385
21939,10623,2500,2500,3.385
21978,7783,918,918,1.243
21984,9219,2436,2436,3.299
22067,38164,2500,2500,3.385
22112,30687,2500,2500,3.385
22121,73449,2500,2500,3.385
22138,7335,2385,2385,3.230
22150,55483,2500,2500,3.385
22170,13473,2486,2486,3.367
22174,18956,2500,2500,3.385
22191,33639,2500,2500,3.385
22259,72521,2500,2500,3.385
22274,10830,2500,2500,3.385
22312,29907,2500,2500,3.385
22352,31368,2500,2500,3.385
22353,29096,2500,2500,3.385
22381,57427,2500,2500,3.385
22387,23833,2500,2500,3.385
22400,131390,2500,2500,3.385
22411,25131,2500,2500,3.385
22482,19908,2500,2500,3.385
22500,21753,2500,2500,3.385
22511,21407,2500,2500,3.385
22693,48192,2500,2500,3.385
22800,51431,2500,2500,3.385
22804,30004,2500,2500,3.385
22820,23423,2500,2500,3.385
22892,22886,2500,2500,3.385
22991,25984,2500,2500,3.385
22992,5953,2204,2204,2.985
23106,51201,2500,2500,3.385
23111,6991,1952,1952,2.643
23126,49376,2500,2500,3.385
23127,53565,2500,2500,3.385
23136,18911,2500,2500,3.385
23141,38315,2500,2500,3.385
23157,39469,2500,2500,3.385
23231,6106,1641,1641,2.222
23264,26768,2463,2463,3.335
23317,47091,2500,2500,3.385
23419,8776,1879,1879,2.545
23427,58267,2500,2500,3.385
23440,26638,2500,2500,3.385
23518,6587,2500,2500,3.385
23541,22213,2500,2500,3.385
23562,7794,1378,1378,1.866
23565,47917,2500,2500,3.385
23623,33422,2500,2500,3.385
23726,7162,2500,2500,3.385
23737,21260,2416,2416,3.272
23738,30059,2500,2500,3.385
23755,25387,2500,2500,3.385
23768,64005,2500,2500,3.385
23770,9332,1110,1110,1.503
23779,37189,2500,2500,3.385
23921,5904,1174,1174,1.590
23997,23269,2500,2500,3.385
24001,59496,2500,2500,3.385
24053,7330,1534,1534,2.077
24104,7883,1688,1688,2.286
24133,5508,1521,1521,2.060
24215,31514,2500,2500,3.385
24254,41558,2500,2500,3.385
24313,38670,2500,2500,3.385
24321,44048,2500,2500,3.385
24330,13022,2500,2500,3.385
24368,9453,1569,1569,2.125
24385,19245,2500,2500,3.385
24436,28142,2500,2500,3.385
24438,35625,2500,2500,3.385
24440,56031,2500,2500,3.385
24505,48932,2500,2500,3.385
24563,33420,2500,2500,3.385
24587,16325,2500,2500,3.385
24674,109997,2500,2500,3.385
24679,13541,2500,2500,3.385
24683,26960,2500,2500,3.385
24757,11514,1667,1667,2.257
24787,111315,2500,2500,3.385
24804,28414,2500,2500,3.385
24822,25013,2500,2500,3.385
24842,8678,1741,1741,2.358
24859,44474,2500,2500,3.385
24902,73884,2500,2500,3.385
24906,20687,2500,2500,3.385
24976,44447,2500,2500,3.385
24996,5337,1410,1410,1.909
25002,19883,1912,1912,2.589
25017,39058,2500,2500,3.385
25042,8988,1359,1359,1.840
25055,13157,2500,2500,3.385
25127,66277,2500,2500,3.385
25141,14327,2500,2500,3.385
25171,26922,2500,2500,3.385
25213,32614,2500,2500,3.385
25216,45735,2500,2500,3.385
25230,33486,2500,2500,3.385
25267,33580,2500,2500,3.385
25300,7347,1699,1699,2.301
25390,29384,2500,2500,3.385
25398,12282,2091,2091,2.832
25400,21195,2500,2500,3.385
25407,11545,2500,2500,3.385
25461,10922,2048,2048,2.773
25487,25674,2500,2500,3.385
25516,23525,2500,2500,3.385
25540,13694,2500,2500,3.385
25555,32055,2500,2500,3.385
25560,7259,2500,2500,3.385
25699,29501,2500,2500,3.385
25703,46211,2500,2500,3.385
25709,50334,2500,2500,3.385
25720,18608,2500,2500,3.385
25732,15362,2500,2500,3.385
25762,23551,2500,2500,3.385
25766,35966,2500,2500,3.385
25767,15976,2500,2500,3.385
25774,44203,2500,2500,3.385
25779,34931,2500,2500,3.385
25809,8513,2181,2181,2.953
25852,69394,2500,2500,3.385
25857,34414,2500,2500,3.385
25875,41141,2500,2500,3.385
25928,31759,2500,2500,3.385
25965,21126,2500,2500,3.385
25982,72198,2500,2500,3.385
25992,25489,2500,2500,3.385
26012,6979,2500,2500,3.385
26030,41283,2500,2500,3.385
26031,56893,2500,2500,3.385
26058,11559,1154,1154,1.563
26067,48393,2500,2500,3.385
26089,5432,2146,2146,2.906
26152,53406,2500,2500,3.385
26174,7917,1798,1798,2.435
26186,31008,2500,2500,3.385
26199,16713,2500,2500,3.385
26259,48691,2500,2500,3.385
26277,48127,2500,2500,3.385
26280,17483,2500,2500,3.385
26319,71156,2500,2500,3.385
26365,23469,2500,2500,3.385
26383,5108,1719,1719,2.328
26384,7820,1565,1565,2.119
26409,29142,2500,2500,3.385
26414,7252,1663,1663,2.252
26417,40192,2500,2500,3.385
26430,45585,2500,2500,3.385
26434,33759,2500,2500,3.385
26439,69511,2500,2500,3.385
26537,26142,2500,2500,3.385
26603,23433,2029,2029,2.748
26615,11071,2337,2337,3.165
26631,42776,2500,2500,3.385
26663,16458,2036,2036,2.757
26682,28547,2500,2500,3.385
26695,27648,2500,2500,3.385
26714,19659,2500,2500,3.385
26718,31383,2500,2500,3.385
26727,103333,2500,2500,3.385
26735,24673,2500,2500,3.385
26875,19519,2446,2446,3.312
26889,38919,2500,2500,3.385
26905,56152,2500,2500,3.385
26974,22949,2500,2500,3.385
27000,73346,2500,2500,3.385
27071,14118,2500,2500,3.385
27085,15631,1464,1464,1.983
27098,11734,1795,1795,2.431
27115,53255,2500,2500,3.385
27194,7725,1718,1718,2.326
27202,97671,2500,2500,3.385
27212,8307,2500,2500,3.385
27258,15319,2500,2500,3.385
27274,74636,2500,2500,3.385
27293,5724,1703,1703,2.306
27318,6836,664,664,0.899
27324,10514,2051,2051,2.777
27384,41483,2500,2500,3.385
27395,42088,2500,2500,3.385
27400,70232,2500,2500,3.385
27411,30985,2500,2500,3.385
27466,10397,1463,1463,1.981
27499,20605,2500,2500,3.385
27516,33105,2500,2500,3.385
27595,27730,2500,2500,3.385
27681,75569,2500,2500,3.385
27688,12383,2500,2500,3.385
27743,65185,2500,2500,3.385
27748,47601,2500,2500,3.385
27770,17835,2500,2500,3.385
27786,51145,2500,2500,3.385
27853,12904,2500,2500,3.385
27933,26737,2500,2500,3.385
27997,50488,2500,2500,3.385
28028,28413,2500,2500,3.385
28043,6316,1577,1577,2.136
28071,29884,2500,2500,3.385
28072,66269,2500,2500,3.385
28173,12058,1984,1984,2.687
28228,49219,2500,2500,3.385
28235,42464,2500,2500,3.385
28275,7275,2156,2156,2.920
28314,54027,2500,2500,3.385
28331,23946,2500,2500,3.385
28360,6785,2437,2437,3.300
28413,60222,2500,2500,3.385
28436,50146,2500,2500,3.385
28499,14081,2204,2204,2.985
28505,34606,2500,2500,3.385
28524,76621,2500,2500,3.385
28538,21615,2500,2500,3.385
28619,22646,2392,2392,3.239
28630,43736,2500,2500,3.385
28638,57711,2500,2500,3.385
28719,17598,2287,2287,3.097
28721,8748,1491,1491,2.019
28726,53229,2500,2500,3.385
28735,24970,2500,2500,3.385
28803,16921,2500,2500,3.385
28855,24504,2500,2500,3.385
28931,32323,2500,2500,3.385
28961,47347,2500,2500,3.385
28981,31260,2500,2500,3.385
28997,55115,2500,2500,3.385
29207,39310,2500,2500,3.385
29387,40063,2500,2500,3.385
29404,14738,2163,2163,2.929
29405,41709,2500,2500,3.385
29413,68934,2500,2500,3.385
29416,15296,2487,2487,3.368
29477,36997,2500,2500,3.385
29515,6122,2500,2500,3.385
29621,45840,2500,2500,3.385
29686,21919,2500,2500,3.385
29809,42190,2500,2500,3.385
29860,33042,2500,2500,3.385
29916,67273,2500,2500,3.385
29939,49327,2500,2500,3.385
29951,11634,2410,2410,3.264
29993,15068,2500,2500,3.385
30185,5891,2173,2173,2.943
30187,27962,2500,2500,3.385
30273,10390,1690,1690,2.289
30433,23874,2500,2500,3.385
30532,43146,2500,2500,3.385
30577,14034,2500,2500,3.385
30578,35650,2500,2500,3.385
30594,11990,2500,2500,3.385
30621,28687,2500,2500,3.385
30639,23809,2500,2500,3.385
30657,15513,1990,1990,2.695
30700,49859,2500,2500,3.385
30733,31065,2500,2500,3.385
30794,5261,1272,1272,1.723
30927,5964,1457,1457,1.973
30939,40982,2500,2500,3.385
30956,45296,2500,2500,3.385
31019,16881,2500,2500,3.385
31031,20754,2500,2500,3.385
31044,7857,1355,1355,1.835
31086,64332,2500,2500,3.385
31091,50864,2500,2500,3.385
31106,60889,2500,2500,3.385
31139,50319,2500,2500,3.385
31158,45629,2500,2500,3.385
31167,17000,2057,2057,2.786
31243,39200,2500,2500,3.385
31316,20428,2500,2500,3.385
31366,9093,1719,1719,2.328
31374,9764,1635,1635,2.214
31395,56245,2500,2500,3.385
31455,74780,2500,2500,3.385
31463,8324,1683,1683,2.279
31501,11438,2500,2500,3.385
31584,8078,1293,1293,1.751
31642,47847,2500,2500,3.385
31677,58970,2500,2500,3.385
31699,56543,2500,2500,3.385
31710,46089,2500,2500,3.385
31726,14621,2500,2500,3.385
31813,22565,2500,2500,3.385
31857,30668,2500,2500,3.385
31879,66195,2500,2500,3.385
31907,11386,1598,1598,2.164
31927,33903,2500,2500,3.385
31937,9852,1908,1908,2.584
31990,9972,2365,2365,3.203
32045,35965,2500,2500,3.385
32059,22800,2500,2500,3.385
32062,84513,2500,2500,3.385
32085,45793,2500,2500,3.385
32107,32420,2500,2500,3.385
32109,61381,2500,2500,3.385
32110,19642,2500,2500,3.385
32119,32166,2500,2500,3.385
32186,37228,2500,2500,3.385
32199,41626,2500,2500,3.385
32249,27968,2500,2500,3.385
32256,20995,2500,2500,3.385
32261,35237,2500,2500,3.385
32267,97425,2500,2500,3.385
32271,52768,2500,2500,3.385
32328,20202,2500,2500,3.385
32331,25628,2500,2500,3.385
32336,24359,2500,2500,3.385
32388,50041,2500,2500,3.385
32413,7200,1856,1856,2.513
32435,13796,2500,2500,3.385
32464,5793,1695,1695,2.295
32560,70121,2500,2500,3.385
32563,14007,2138,2138,2.895
32565,44847,2500,2500,3.385
32614,18803,2500,2500,3.385
32736,235227,2500,2500,3.385
32759,16932,2500,2500,3.385
32875,80934,2500,2500,3.385
32934,39577,2500,2500,3.385
32935,37233,2500,2500,3.385
32976,14402,2500,2500,3.385
32997,15690,2500,2500,3.385
32999,14041,2500,2500,3.385
33019,23845,2500,2500,3.385
33040,39020,2500,2500,3.385
33122,9021,2033,2033,2.753
33336,6289,1958,1958,2.651
33347,11813,2500,2500,3.385
33389,28468,2500,2500,3.385
33407,28394,2500,2500,3.385
33411,54421,2500,2500,3.385
33413,20253,2500,2500,3.385
33425,41475,2500,2500,3.385
33437,62383,2500,2500,3.385
33445,19397,2500,2500,3.385
33464,22275,2500,2500,3.385
33482,20396,2500,2500,3.385
33490,66854,2500,2500,3.385
33494,82308,2500,2500,3.385
33544,19558,2085,2085,2.823
33597,58847,2500,2500,3.385
33602,72448,2500,2500,3.385
33606,6392,1564,1564,2.118
33614,95169,2500,2500,3.385
33616,17814,2500,2500,3.385
33665,13880,2500,2500,3.385
33702,65405,2500,2500,3.385
33756,29402,2500,2500,3.385
33757,47403,2500,2500,3.385
33766,5677,1429,1429,1.935
33772,8616,1601,1601,2.168
33785,15399,2500,2500,3.385
33813,60412,2500,2500,3.385
33819,47897,2500,2500,3.385
33846,25292,2500,2500,3.385
33852,21913,2500,2500,3.385
33859,38688,2500,2500,3.385
33874,13495,1977,1977,2.677
33886,28500,2500,2500,3.385
33916,42754,2500,2500,3.385
33923,24682,2500,2500,3.385
33924,27678,2500,2500,3.385
33928,54671,2500,2500,3.385
33931,47027,2500,2500,3.385
33939,35210,2500,2500,3.385
33948,21886,1532,1532,2.075
33963,54087,2500,2500,3.385
34027,7549,2057,2057,2.786
34115,7579,1694,1694,2.294
34120,87173,2500,2500,3.385
34139,37107,2500,2500,3.385
34160,54739,2500,2500,3.385
34177,39392,2500,2500,3.385
34189,16110,2500,2500,3.385
34215,22438,2500,2500,3.385
34216,6510,1180,1180,1.598
34223,36958,2500,2500,3.385
34268,14289,2289,2289,3.100
34270,45044,2500,2500,3.385
34271,22274,2500,2500,3.385
34282,48805,2500,2500,3.385
34283,21102,2500,2500,3.385
34306,35147,2500,2500,3.385
34383,12926,2194,2194,2.971
34394,29424,2500,2500,3.385
34443,19346,2158,2158,2.922
34454,21590,2500,2500,3.385
34467,18367,2500,2500,3.385
34468,40423,2500,2500,3.385
34515,6029,1396,1396,1.890
34558,12374,1863,1863,2.523
34571,32543,2500,2500,3.385
34668,43711,2500,2500,3.385
34724,29451,2500,2500,3.385
34733,35713,2500,2500,3.385
34842,9324,2381,2381,3.224
34852,23816,2500,2500,3.385
34858,91320,2500,2500,3.385
34901,24911,2500,2500,3.385
34902,45706,2500,2500,3.385
34912,78950,2500,2500,3.385
34957,37962,2500,2500,3.385
34965,29527,2500,2500,3.385
34977,27816,2500,2500,3.385
34981,13220,1436,1436,1.945
35024,12798,1804,1804,2.443
35050,18298,2331,2331,3.157
35058,15898,2500,2500,3.385
35083,22247,2500,2500,3.385
35088,28995,2500,2500,3.385
35092,78982,2500,2500,3.385
35095,112478,2500,2500,3.385
35105,28646,2500,2500,3.385
35116,53339,2500,2500,3.385
35123,43985,2500,2500,3.385
35159,18043,2500,2500,3.385
35169,128344,2500,2500,3.385
35186,25416,2500,2500,3.385
35187,20309,2500,2500,3.385
35205,30103,2500,2500,3.385
35208,37436,2500,2500,3.385
35228,67899,2500,2500,3.385
35229,48894,2500,2500,3.385
35233,57578,2500,2500,3.385
35238,43390,2500,2500,3.385
35270,29213,2500,2500,3.385
35353,5722,1625,1625,2.201
35359,18026,2311,2311,3.130
35364,28422,2500,2500,3.385
35418,36283,2500,2500,3.385
35420,94694,2500,2500,3.385
35441,89488,2500,2500,3.385
35442,51375,2500,2500,3.385
35485,85269,2500,2500,3.385
35494,63618,2500,2500,3.385
35504,40779,2500,2500,3.385
35510,55428,2500,2500,3.385
35516,44757,2500,2500,3.385
35528,54429,2500,2500,3.385
35559,16241,2289,2289,3.100
35562,21251,2045,2045,2.769
35614,37617,2500,2500,3.385
35659,40454,2500,2500,3.385
35669,26688,2500,2500,3.385
35719,32055,2500,2500,3.385
35739,66304,2500,2500,3.385
35771,15021,2500,2500,3.385
35796,51665,2500,2500,3.385
35836,33631,2500,2500,3.385
35851,49130,2500,2500,3.385
35884,37985,2500,2500,3.385
35894,35617,2500,2500,3.385
35902,46488,2500,2500,3.385
35925,91904,2500,2500,3.385
35926,32309,2500,2500,3.385
35936,9882,1853,1853,2.509
35960,35575,2500,2500,3.385
35987,26635,2500,2500,3.385
35997,27690,2500,2500,3.385
36000,32534,2500,2500,3.385
36048,23752,2500,2500,3.385
36071,81031,2500,2500,3.385
36122,39073,2500,2500,3.385
36124,71476,2500,2500,3.385
36130,21249,2500,2500,3.385
36144,38362,2500,2500,3.385
36245,43774,2500,2500,3.385
36246,50014,2500,2500,3.385
36290,14710,2500,2500,3.385
36312,72418,2500,2500,3.385
36314,25441,2500,2500,3.385
36330,16192,2500,2500,3.385
36340,19753,2500,2500,3.385
36346,40481,2500,2500,3.385
36370,17834,2500,2500,3.385
36388,21661,2500,2500,3.385
36490,45973,2500,2500,3.385
36496,39337,2500,2500,3.385
36530,45101,2500,2500,3.385
36537,5729,2327,2327,3.151
36547,23158,2500,2500,3.385
36559,20272,2500,2500,3.385
36570,12253,2500,2500,3.385
36593,51374,2500,2500,3.385
36597,40511,2500,2500,3.385
36599,41820,2500,2500,3.385
36609,6140,1681,1681,2.276
36623,60554,2500,2500,3.385
36633,25083,2500,2500,3.385
36746,14511,2500,2500,3.385
36754,15549,2500,2500,3.385
36768,36510,2500,2500,3.385
36778,68940,2500,2500,3.385
36788,43118,2500,2500,3.385
36802,45178,2500,2500,3.385
36809,19771,2500,2500,3.385
36810,21277,2500,2500,3.385
36822,26490,2500,2500,3.385
36864,30760,2500,2500,3.385
36883,12050,2500,2500,3.385
36885,24263,2500,2500,3.385
36951,67950,2500,2500,3.385
36975,55241,2500,2500,3.385
37017,7853,2167,2167,2.935
37049,21870,2500,2500,3.385
37090,34091,2500,2500,3.385
37101,6601,1200,1200,1.625
37112,16876,2500,2500,3.385
37115,59811,2500,2500,3.385
37151,5663,1450,1450,1.964
37153,46333,2500,2500,3.385
37167,23195,2500,2500,3.385
37182,24807,2500,2500,3.385
37212,5445,1629,1629,2.206
37215,39082,2500,2500,3.385
37222,24794,2500,2500,3.385
37236,36424,2500,2500,3.385
37242,48484,2500,2500,3.385
37260,26206,2500,2500,3.385
37289,30513,2500,2500,3.385
37311,41402,2500,2500,3.385
37314,18108,2500,2500,3.385
37332,34047,2500,2500,3.385
37353,17585,2088,2088,2.828
37389,21623,2500,2500,3.385
37419,33449,2500,2500,3.385
37438,35125,2500,2500,3.385
37472,12351,1634,1634,2.213
37479,32351,2500,2500,3.385
37509,40514,2500,2500,3.385
37516,8487,2500,2500,3.385
37549,29810,2500,2500,3.385
37581,16166,2500,2500,3.385
37587,33247,2500,2500,3.385
37645,55559,2500,2500,3.385
37669,52488,2500,2500,3.385
37672,42070,2500,2500,3.385
37676,68396,2500,2500,3.385
37680,67878,2500,2500,3.385
37818,13718,2500,2500,3.385
37820,34590,2500,2500,3.385
37845,22125,2500,2500,3.385
37848,113424,2500,2500,3.385
37856,24639,2500,2500,3.385
37864,37614,2500,2500,3.385
37871,25800,2500,2500,3.385
37883,53527,2500,2500,3.385
37967,23099,2500,2500,3.385
37974,19807,2500,2500,3.385
38014,66833,2500,2500,3.385
38030,24222,2500,2500,3.385
38036,11305,1474,1474,1.996
38075,65949,2500,2500,3.385
38099,25728,2500,2500,3.385
38100,81507,2500,2500,3.385
38203,23575,2500,2500,3.385
38291,22234,2500,2500,3.385
38294,59094,2500,2500,3.385
38314,22966,2500,2500,3.385
38331,50961,2500,2500,3.385
38346,34975,2500,2500,3.385
38351,8460,1438,1438,1.947
38373,34973,2500,2500,3.385
38393,34894,2500,2500,3.385
38408,31673,2500,2500,3.385
38413,51681,2500,2500,3.385
38440,13029,1690,1690,2.289
38456,75814,2500,2500,3.385
38471,23239,2500,2500,3.385
38478,82706,2500,2500,3.385
38479,41061,2500,2500,3.385
38491,7849,2500,2500,3.385
38517,39585,2500,2500,3.385
38545,8107,1633,1633,2.211
38557,95689,2500,2500,3.385
38586,8714,2500,2500,3.385
38636,27713,2500,2500,3.385
38645,10119,2500,2500,3.385
38654,14917,2486,2486,3.367
38665,46419,2500,2500,3.385
38689,53305,2500,2500,3.385
38699,186492,2500,2500,3.385
38726,59538,2500,2500,3.385
38773,12337,2500,2500,3.385
38811,78705,2500,2500,3.385
38816,57007,2500,2500,3.385
38820,34280,2500,2500,3.385
38826,24999,2500,2500,3.385
38870,102339,2500,2500,3.385
38893,28160,2500,2500,3.385
38943,13955,2500,2500,3.385
38978,31429,2500,2500,3.385
38999,20145,2500,2500,3.385
39013,51129,2500,2500,3.385
39014,20751,2500,2500,3.385
39049,60586,2500,2500,3.385
39084,28280,2500,2500,3.385
39135,12544,2500,2500,3.385
39229,30303,2500,2500,3.385
39235,18930,2500,2500,3.385
39246,56227,2500,2500,3.385
39266,57523,2500,2500,3.385
39272,84243,2500,2500,3.385
39297,51514,2500,2500,3.385
39305,85587,2500,2500,3.385
39355,33770,2500,2500,3.385
39379,31836,2500,2500,3.385
39434,24828,2500,2500,3.385
39451,129628,2500,2500,3.385
39453,43619,2500,2500,3.385
39468,78074,2500,2500,3.385
39499,9594,2500,2500,3.385
39516,10360,2195,2195,2.972
39522,21497,2500,2500,3.385
39554,21395,2225,2225,3.013
39568,26038,2500,2500,3.385
39582,34773,2500,2500,3.385
39641,33833,2500,2500,3.385
39665,120973,2500,2500,3.385
39784,10000,1728,1728,2.340
39785,8217,1671,1671,2.263
39790,44382,2500,2500,3.385
39861,12858,2500,2500,3.385
39864,22491,2500,2500,3.385
39875,84818,2500,2500,3.385
39964,60321,2500,2500,3.385
41480,64108,2500,2500,3.385
41909,25032,2500,2500,3.385
42715,96893,2500,2500,3.385
43412,94232,2500,2500,3.385
43559,25216,2500,2500,3.385
43897,14326,2258,2258,3.058
44325,20805,2500,2500,3.385
47264,51704,2500,2500,3.385
47642,31712,2500,2500,3.385
48990,22880,2500,2500,3.385
49115,18249,2450,2450,3.318
49217,40175,2500,2500,3.385
49686,12892,2398,2398,3.247
50403,38871,2500,2500,3.385
53777,6552,1997,1997,2.704
54055,11055,2064,2064,2.795
54121,46660,2500,2500,3.385
56345,35677,2500,2500,3.385
56346,45710,2500,2500,3.385
56368,11519,2500,2500,3.385
56395,43748,2361,2361,3.197
56510,12177,922,922,1.249
56560,98820,2500,2500,3.385
56584,23333,2500,2500,3.385
56602,25341,2500,2500,3.385
56605,34535,2500,2500,3.385
56609,119691,2500,2500,3.385
56633,18609,2500,2500,3.385
56634,132344,2500,2500,3.385
56652,9858,2394,2394,3.242
56700,11040,2040,2040,2.763
56735,24540,1960,1960,2.654
56761,18005,2500,2500,3.385
56768,35650,2500,2500,3.385
56834,36596,2500,2500,3.385
56837,13882,2170,2170,2.939
56841,45880,2500,2500,3.385
56868,31428,2500,2500,3.385
56907,39427,2500,2500,3.385
56942,96324,2500,2500,3.385
56960,40181,2500,2500,3.385
56970,34934,2500,2500,3.385
57006,20606,2500,2500,3.385
57021,21898,2500,2500,3.385
57022,6440,1643,1643,2.225
57024,26977,2500,2500,3.385
57033,112515,2500,2500,3.385
57042,18392,2500,2500,3.385
57059,27638,2500,2500,3.385
57121,9537,1313,1313,1.778
57125,43073,2500,2500,3.385
57135,11238,2500,2500,3.385
57176,90812,2500,2500,3.385
57178,37364,2500,2500,3.385
57195,15855,2500,2500,3.385
57206,49219,2500,2500,3.385
57258,15680,2500,2500,3.385
57275,13617,2500,2500,3.385
57276,20851,2500,2500,3.385
57322,36434,2500,2500,3.385
57324,12735,2180,2180,2.952
57335,10129,1293,1293,1.751
57339,6253,1437,1437,1.946
57365,27308,2500,2500,3.385
57427,55138,2500,2500,3.385
57445,10244,2500,2500,3.385
57447,26863,2500,2500,3.385
57456,15375,2260,2260,3.060
57475,16805,2500,2500,3.385
57489,29154,2500,2500,3.385
57492,8668,2355,2355,3.189
57518,15099,2500,2500,3.385
57533,7322,2022,2022,2.738
57546,92496,2500,2500,3.385
57564,23051,2500,2500,3.385
57596,14077,2500,2500,3.385
57618,11685,2500,2500,3.385
57630,383675,2500,2500,3.385
57642,16963,2500,2500,3.385
57660,5353,1547,1547,2.095
57679,46663,2500,2500,3.385
57692,8891,2351,2351,3.184
57701,51972,2500,2500,3.385
57704,23842,2500,2500,3.385
57744,71113,2500,2500,3.385
57759,8972,2500,2500,3.385
57769,11584,1613,1613,2.184
57842,8910,2196,2196,2.974
57857,36302,2500,2500,3.385
57864,69153,2500,2500,3.385
57900,40213,2500,2500,3.385
57904,22429,2500,2500,3.385
57907,81800,2500,2500,3.385
57935,9563,1909,1909,2.585
57962,33866,2500,2500,3.385
57998,23542,2003,2003,2.712
58005,15632,2395,2395,3.243
58083,40245,2500,2500,3.385
58122,8802,2078,2078,2.814
58124,205468,2500,2500,3.385
58172,8350,2359,2359,3.195
58173,39311,2500,2500,3.385
58223,9251,2500,2500,3.385
58232,78968,2500,2500,3.385
58319,15699,2500,2500,3.385
58320,40015,2500,2500,3.385
58344,20411,2401,2401,3.251
58346,43619,2500,2500,3.385
58393,11593,1888,1888,2.557
58394,92256,2463,2463,3.335
58400,9966,2361,2361,3.197
58443,45543,2500,2500,3.385
58462,92707,2500,2500,3.385
58464,68121,2500,2500,3.385
58480,25213,2500,2500,3.385
58570,6000,1525,1525,2.065
58588,9543,1652,1652,2.237
58605,47557,2500,2500,3.385
58632,45306,2500,2500,3.385
58677,39899,2500,2500,3.385
58694,74738,2500,2500,3.385
58718,26113,2500,2500,3.385
58728,22530,2500,2500,3.385
58738,43049,2500,2500,3.385
58838,44823,2500,2500,3.385
58846,54489,2500,2500,3.385
58852,115332,2500,2500,3.385
58857,129009,2500,2500,3.385
58862,38377,2500,2500,3.385
58876,26875,2500,2500,3.385
58915,39739,2500,2500,3.385
58927,11206,2362,2362,3.199
58937,25501,1781,1781,2.412
58965,13719,2500,2500,3.385
58970,16822,2281,2281,3.089
59063,27750,2500,2500,3.385
59067,12748,958,958,1.297
59093,124604,2500,2500,3.385
59103,8823,2349,2349,3.181
59166,12183,1634,1634,2.213
59180,27319,2500,2500,3.385
59184,13948,2500,2500,3.385
59191,60668,2500,2500,3.385
59234,88556,2500,2500,3.385
59427,10413,2002,2002,2.711
59433,247221,2500,2500,3.385
59436,13852,2500,2500,3.385
59453,8325,1485,1485,2.011
59463,42072,2500,2500,3.385
59543,13077,2094,2094,2.836
59550,17733,2422,2422,3.280
59585,84310,2500,2500,3.385
59720,29072,2500,2500,3.385
59721,28698,2500,2500,3.385
59732,19305,2500,2500,3.385
59752,30361,2500,2500,3.385
59804,16399,2384,2384,3.228
59816,23498,2500,2500,3.385
59860,35098,2500,2500,3.385
59868,30365,2500,2500,3.385
59899,17233,2500,2500,3.385
59904,36667,2500,2500,3.385
59918,70541,2500,2500,3.385
59923,7931,1884,1884,2.551
59988,5911,2084,2084,2.822
62163,6816,2016,2016,2.730
64174,30513,2500,2500,3.385
64959,11654,2500,2500,3.385
65833,15859,2500,2500,3.385
67058,30662,2500,2500,3.385
67059,52003,2500,2500,3.385
67629,118816,2500,2500,3.385
67753,39074,2500,2500,3.385
68664,58532,2500,2500,3.385
69196,36098,2500,2500,3.385
69202,48274,2500,2500,3.385
69218,15444,2500,2500,3.385
69441,55958,2500,2500,3.385
69657,77088,2500,2500,3.385
70009,31358,2500,2500,3.385
70103,78926,2500,2500,3.385
70118,5597,1757,1757,2.379
70123,41794,2500,2500,3.385
70130,52453,2500,2500,3.385
70156,35096,2500,2500,3.385
70171,40651,2500,2500,3.385
70199,37696,2500,2500,3.385
70270,37207,2500,2500,3.385
70277,11745,2406,2406,3.258
70288,27013,2500,2500,3.385
70315,13046,2268,2268,3.071
70331,9134,1898,1898,2.570
70366,13835,1728,1728,2.340
70414,18046,1713,1713,2.320
70418,64117,2500,2500,3.385
70443,5301,1390,1390,1.882
70506,29164,2500,2500,3.385
70526,15554,2500,2500,3.385
70652,23044,2500,2500,3.385
70697,22067,2401,2401,3.251
70723,32516,2500,2500,3.385
70739,10392,2464,2464,3.337
70777,57286,2500,2500,3.385
70785,35995,2500,2500,3.385
70826,18472,2500,2500,3.385
70866,60265,2500,2500,3.385
70889,43449,2500,2500,3.385
70909,15798,2500,2500,3.385
70973,35332,2500,2500,3.385
70998,232769,2500,2500,3.385
71010,27693,2500,2500,3.385
71091,70448,2500,2500,3.385
71097,16515,2052,2052,2.779
71106,48414,2500,2500,3.385
71109,5282,1521,1521,2.060
71169,50278,2500,2500,3.385
71191,15276,1980,1980,2.681
71221,43821,2500,2500,3.385
71266,30651,2500,2500,3.385
71282,138419,2500,2500,3.385
71283,72693,2500,2500,3.385
71305,5219,1312,1312,1.777
71380,6919,2022,2022,2.738
71438,6916,279,279,0.378
71454,26119,2500,2500,3.385
71477,12133,1956,1956,2.649
71500,19026,2500,2500,3.385
71531,6583,1957,1957,2.650
71550,26030,2500,2500,3.385
71624,13057,2500,2500,3.385
71641,7953,2342,2342,3.172
71646,6526,1929,1929,2.612
71675,13064,1233,1233,1.670
71747,10276,2500,2500,3.385
71753,26306,2500,2500,3.385
71774,34091,2500,2500,3.385
